<?xml version="1.0" encoding="UTF-8"?><_ROOT_ EMVERSION="15.2" ORIENTATION="HORIZONTAL">
<Workspace>
<NODES>
<NODE CLASS="SASHELP.EMEXPL.ASSOCIATE.CLASS" COMPONENT="Association" ID="Assoc" X="262" Y="182" DESCRIPTION="Association" DIAGRAMID="_ROOT_" PARENTID="" TOOLTYPE="EXPLORE" TOOLPREFIX="Assoc">
<PROPERTIES ItemCount="2" AssocSupportType="PERCENT" SeqSupportType="PERCENT" SupportA="." MinConf="10" PctsupA="5" PctsupS="2" SupportS="." ChainCount="3" ConsolTime="0" MaxDur="." Criterion="DEFAULT" NumRules="200" NumTransposeRules="200" MaxItems="100000" ExportIdRule="Y" Recommendation="N" ForceRun="N" RunAction="Train" Component="Association" LastRunMessage="There are no rules that match the specified constraints.">
<VariableProperties/>
<EmVariableAttributes/>
<EmTargetAttributes/>
<EmFileProperties>
<RULESFILTER Type="DATA">
<Data/>
<Metadata/>
</RULESFILTER>
<EMNOTES Type="EXTERNAL" Extension="txt">
<Data/>
</EMNOTES>
</EmFileProperties>
</PROPERTIES>
</NODE>
<NODE CLASS="SASHELP.EMEXPL.ASSOCIATE.CLASS" COMPONENT="Association" ID="Assoc2" X="270" Y="288" DESCRIPTION="Association (2)" DIAGRAMID="_ROOT_" PARENTID="" TOOLTYPE="EXPLORE" TOOLPREFIX="Assoc">
<PROPERTIES ItemCount="4" AssocSupportType="PERCENT" SeqSupportType="PERCENT" SupportA="." MinConf="10" PctsupA="5" PctsupS="2" SupportS="." ChainCount="3" ConsolTime="0" MaxDur="." Criterion="DEFAULT" NumRules="200" NumTransposeRules="200" MaxItems="100000" ExportIdRule="Y" Recommendation="N" ForceRun="N" RunAction="Train" Component="Association">
<VariableProperties/>
<EmVariableAttributes/>
<EmTargetAttributes/>
<EmFileProperties>
<RULESFILTER Type="DATA">
<Data/>
<Metadata/>
</RULESFILTER>
<EMNOTES Type="EXTERNAL" Extension="txt">
<Data/>
</EMNOTES>
</EmFileProperties>
</PROPERTIES>
</NODE>
<NODE CLASS="SASHELP.EMCORE.EXTENSION.CLASS" COMPONENT="EMSave" ID="EMSave" X="279" Y="62" DESCRIPTION="Save Data" DIAGRAMID="_ROOT_" PARENTID="" TOOLTYPE="UTILITY" TOOLPREFIX="EMSave">
<PROPERTIES Location="CATALOG" Catalog="Sashelp.Emutil.Savext.Source" Type="SAS7BDAT" Replace="Y" AllObs="Y" OutObs="1000" AllRoles="Y" Train="Y" Validate="Y" Test="Y" Score="Y" Transaction="Y" ForceRun="N" RunAction="Train" Component="EMSave" Lib="GA4" DirectorySelector="" Name="transaction">
<VariableProperties/>
<EmVariableAttributes/>
<EmTargetAttributes/>
<EmFileProperties>
<USERTRAINCODE Type="EXTERNAL" Extension="sas">
<Data/>
</USERTRAINCODE>
<EMNOTES Type="EXTERNAL" Extension="txt">
<Data/>
</EMNOTES>
</EmFileProperties>
</PROPERTIES>
</NODE>
<NODE CLASS="SASHELP.EMCORE.EXTENSION.CLASS" COMPONENT="FileImport" ID="FIMPORT" X="69" Y="54" DESCRIPTION="File Import" DIAGRAMID="_ROOT_" PARENTID="" TOOLTYPE="SAMPLE" TOOLPREFIX="FIMPORT">
<PROPERTIES Location="CATALOG" Catalog="SASHELP.EMSAMP.Fimport.SOURCE" ImportType="Local" GuessRows="500" Delimiter="," NameRow="Y" SkipRows="0" MaxRows="1000000" MaxCols="10000" FileType="xlsx" Role="TRAIN" ForceRun="N" Summarize="N" AdvancedAdvisor="N" RunAction="Train" Component="FileImport" IFileName="C:\Users\User\Desktop\UpdatedTransactionalData.xlsx" AccessTable="NoTableName" UserID="NoUserID" Password="NoPassword">
<VariableProperties/>
<EmVariableAttributes/>
<EmTargetAttributes/>
<EmFileProperties>
<USERTRAINCODE Type="EXTERNAL" Extension="sas">
<Data/>
</USERTRAINCODE>
<VARIABLESETDELTA Type="EXTERNAL" Extension="txt">
<Data/>
</VARIABLESETDELTA>
<DELTACODE Type="EXTERNAL" Extension="txt">
<Data/>
</DELTACODE>
<EMNOTES Type="EXTERNAL" Extension="txt">
<Data/>
</EMNOTES>
</EmFileProperties>
</PROPERTIES>
</NODE>
<NODE CLASS="SASHELP.EMSAMP.IDS.CLASS" COMPONENT="DataSource" ID="Ids" X="84" Y="292" DESCRIPTION="TRANSACTION" DIAGRAMID="_ROOT_" PARENTID="" TOOLTYPE="SAMPLE" TOOLPREFIX="Ids">
<PROPERTIES DataSource="transaction" Scope="LOCAL" Role="TRANSACTION" Library="GA4" Table="TRANSACTION_TRAIN" NCols="3" NObs="386" NBytes="66560" Segment="" DataSourceRole="TRANSACTION" OutputType="VIEW" ForceRun="N" ComputeStatistics="N" DataSelection="DATASOURCE" NewTable="" MetaAdvisor="BASIC" ApplyIntervalLevelLowerLimit="Y" IntervalLowerLimit="20" ApplyMaxPercentMissing="Y" MaxPercentMissing="50" ApplyMaxClassLevels="Y" MaxClassLevels="20" IdentifyEmptyColumns="Y" VariableValidation="STRICT" NewVariableRole="REJECT" DropMapVariables="Y" DsId="transaction" DsSampleName="" DsSampleSizeType="" DsSampleSize="" DsCreatedBy="User" DsCreateDate="2021060024.1" DsModifiedBy="User" DsModifyDate="2021060024.2" DsScope="LOCAL" Sample="D" SampleSizeType="PERCENT" SampleSizePercent="20" SampleSizeObs="10000" DBPassThrough="Y" RunAction="Train" Component="DataSource" Description="">
<VariableProperties/>
<EmVariableAttributes>
<DELTA Variable="Airline" AttributeName="ROLE" AttributeValue="SEQUENCE"/>
<DELTA Variable="Source" AttributeName="ROLE" AttributeValue="TARGET"/>
</EmVariableAttributes>
<EmTargetAttributes/>
<EmFileProperties>
<EMNOTES Type="EXTERNAL" Extension="txt">
<Data/>
</EMNOTES>
</EmFileProperties>
</PROPERTIES>
</NODE>
<NODE CLASS="SASHELP.EMSAMP.IDS.CLASS" COMPONENT="DataSource" ID="Ids2" X="50" Y="189" DESCRIPTION="TRANSACTION_TRAIN" DIAGRAMID="_ROOT_" PARENTID="" TOOLTYPE="SAMPLE" TOOLPREFIX="Ids">
<PROPERTIES DataSource="transactiontrain" Scope="LOCAL" Role="TRANSACTION" Library="GA4" Table="TRANSACTION_TRAIN" NCols="3" NObs="386" NBytes="66560" Segment="" DataSourceRole="TRANSACTION" OutputType="VIEW" ForceRun="N" ComputeStatistics="N" DataSelection="DATASOURCE" NewTable="" MetaAdvisor="BASIC" ApplyIntervalLevelLowerLimit="Y" IntervalLowerLimit="20" ApplyMaxPercentMissing="Y" MaxPercentMissing="50" ApplyMaxClassLevels="Y" MaxClassLevels="20" IdentifyEmptyColumns="Y" VariableValidation="STRICT" NewVariableRole="REJECT" DropMapVariables="Y" DsId="transactiontrain" DsSampleName="" DsSampleSizeType="" DsSampleSize="" DsCreatedBy="User" DsCreateDate="2021059880.6" DsModifiedBy="User" DsModifyDate="2021059880.6" DsScope="LOCAL" Sample="D" SampleSizeType="PERCENT" SampleSizePercent="20" SampleSizeObs="10000" DBPassThrough="Y" RunAction="Train" Component="DataSource" Description="">
<VariableProperties/>
<EmVariableAttributes>
<DELTA Variable="Airline" AttributeName="ROLE" AttributeValue="SEQUENCE"/>
<DELTA Variable="Source" AttributeName="ROLE" AttributeValue="TARGET"/>
</EmVariableAttributes>
<EmTargetAttributes>
<Source>
<DecData Table="EMWS8.Ids2_Source_DD">
<Data>
<Obs SOURCE="MUMBAI" COUNT="24" DATAPRIOR="0.0621761658" TRAINPRIOR="0.0621761658" DECPRIOR="0.0622" DECISION1="1" DECISION2="0" DECISION3="0" DECISION4="0" DECISION5="0"/>
<Obs SOURCE="KOLKATA" COUNT="94" DATAPRIOR="0.2435233161" TRAINPRIOR="0.2435233161" DECPRIOR="0.2435" DECISION1="0" DECISION2="1" DECISION3="0" DECISION4="0" DECISION5="0"/>
<Obs SOURCE="DELHI" COUNT="184" DATAPRIOR="0.4766839378" TRAINPRIOR="0.4766839378" DECPRIOR="0.4767" DECISION1="0" DECISION2="0" DECISION3="1" DECISION4="0" DECISION5="0"/>
<Obs SOURCE="CHENNAI" COUNT="12" DATAPRIOR="0.0310880829" TRAINPRIOR="0.0310880829" DECPRIOR="0.0311" DECISION1="0" DECISION2="0" DECISION3="0" DECISION4="1" DECISION5="0"/>
<Obs SOURCE="BANGLORE" COUNT="72" DATAPRIOR="0.1865284974" TRAINPRIOR="0.1865284974" DECPRIOR="0.1865" DECISION1="0" DECISION2="0" DECISION3="0" DECISION4="0" DECISION5="1"/>
</Data>
<Metadata>
<Variable NAME="Source" LABEL="" LENGTH="32" FORMAT="" TYPE="C"/>
<Variable NAME="COUNT" LABEL="Level Counts" LENGTH="8" FORMAT="10." TYPE="N"/>
<Variable NAME="DATAPRIOR" LABEL="Data Proportions" LENGTH="8" FORMAT="" TYPE="N"/>
<Variable NAME="TRAINPRIOR" LABEL="Training Proportions" LENGTH="8" FORMAT="" TYPE="N"/>
<Variable NAME="DECPRIOR" LABEL="Decision Priors" LENGTH="8" FORMAT="" TYPE="N"/>
<Variable NAME="DECISION1" LABEL="MUMBAI" LENGTH="8" FORMAT="" TYPE="N"/>
<Variable NAME="DECISION2" LABEL="KOLKATA" LENGTH="8" FORMAT="" TYPE="N"/>
<Variable NAME="DECISION3" LABEL="DELHI" LENGTH="8" FORMAT="" TYPE="N"/>
<Variable NAME="DECISION4" LABEL="CHENNAI" LENGTH="8" FORMAT="" TYPE="N"/>
<Variable NAME="DECISION5" LABEL="BANGLORE" LENGTH="8" FORMAT="" TYPE="N"/>
</Metadata>
</DecData>
<DecMeta Table="EMWS8.Ids2_Source_DM">
<Data>
<Obs _TYPE_="MATRIX" VARIABLE="" LABEL="" LEVEL="PROFIT" EVENT="" ORDER="" FORMAT="" TYPE="" COST="" USE="Y"/>
<Obs _TYPE_="TARGET" VARIABLE="Source" LABEL="Source" LEVEL="NOMINAL" EVENT="MUMBAI" ORDER="" FORMAT="$8." TYPE="C" COST="" USE=""/>
<Obs _TYPE_="DATAPRIOR" VARIABLE="DATAPRIOR" LABEL="Data Prior" LEVEL="" EVENT="" ORDER="" FORMAT="" TYPE="N" COST="" USE="Y"/>
<Obs _TYPE_="TRAINPRIOR" VARIABLE="TRAINPRIOR" LABEL="Training Prior" LEVEL="" EVENT="" ORDER="" FORMAT="" TYPE="N" COST="" USE="N"/>
<Obs _TYPE_="DECPRIOR" VARIABLE="DECPRIOR" LABEL="Decision Prior" LEVEL="" EVENT="" ORDER="" FORMAT="" TYPE="N" COST="" USE="N"/>
<Obs _TYPE_="PREDICTED" VARIABLE="P_SourceMumbai" LABEL="Predicted: Source=Mumbai" LEVEL="MUMBAI" EVENT="" ORDER="" FORMAT="" TYPE="N" COST="" USE=""/>
<Obs _TYPE_="RESIDUAL" VARIABLE="R_SourceMumbai" LABEL="Residual: Source=Mumbai" LEVEL="MUMBAI" EVENT="" ORDER="" FORMAT="" TYPE="N" COST="" USE=""/>
<Obs _TYPE_="PREDICTED" VARIABLE="P_SourceKolkata" LABEL="Predicted: Source=Kolkata" LEVEL="KOLKATA" EVENT="" ORDER="" FORMAT="" TYPE="N" COST="" USE=""/>
<Obs _TYPE_="RESIDUAL" VARIABLE="R_SourceKolkata" LABEL="Residual: Source=Kolkata" LEVEL="KOLKATA" EVENT="" ORDER="" FORMAT="" TYPE="N" COST="" USE=""/>
<Obs _TYPE_="PREDICTED" VARIABLE="P_SourceDelhi" LABEL="Predicted: Source=Delhi" LEVEL="DELHI" EVENT="" ORDER="" FORMAT="" TYPE="N" COST="" USE=""/>
<Obs _TYPE_="RESIDUAL" VARIABLE="R_SourceDelhi" LABEL="Residual: Source=Delhi" LEVEL="DELHI" EVENT="" ORDER="" FORMAT="" TYPE="N" COST="" USE=""/>
<Obs _TYPE_="PREDICTED" VARIABLE="P_SourceChennai" LABEL="Predicted: Source=Chennai" LEVEL="CHENNAI" EVENT="" ORDER="" FORMAT="" TYPE="N" COST="" USE=""/>
<Obs _TYPE_="RESIDUAL" VARIABLE="R_SourceChennai" LABEL="Residual: Source=Chennai" LEVEL="CHENNAI" EVENT="" ORDER="" FORMAT="" TYPE="N" COST="" USE=""/>
<Obs _TYPE_="PREDICTED" VARIABLE="P_SourceBanglore" LABEL="Predicted: Source=Banglore" LEVEL="BANGLORE" EVENT="" ORDER="" FORMAT="" TYPE="N" COST="" USE=""/>
<Obs _TYPE_="RESIDUAL" VARIABLE="R_SourceBanglore" LABEL="Residual: Source=Banglore" LEVEL="BANGLORE" EVENT="" ORDER="" FORMAT="" TYPE="N" COST="" USE=""/>
<Obs _TYPE_="FROM" VARIABLE="F_Source" LABEL="From: Source" LEVEL="" EVENT="" ORDER="" FORMAT="" TYPE="C" COST="" USE=""/>
<Obs _TYPE_="INTO" VARIABLE="I_Source" LABEL="Into: Source" LEVEL="" EVENT="" ORDER="" FORMAT="" TYPE="C" COST="" USE=""/>
<Obs _TYPE_="DECISION" VARIABLE="DECISION1" LABEL="MUMBAI" LEVEL="" EVENT="" ORDER="" FORMAT="" TYPE="N" COST="" USE="Y"/>
<Obs _TYPE_="DECISION" VARIABLE="DECISION2" LABEL="KOLKATA" LEVEL="" EVENT="" ORDER="" FORMAT="" TYPE="N" COST="" USE="Y"/>
<Obs _TYPE_="DECISION" VARIABLE="DECISION3" LABEL="DELHI" LEVEL="" EVENT="" ORDER="" FORMAT="" TYPE="N" COST="" USE="Y"/>
<Obs _TYPE_="DECISION" VARIABLE="DECISION4" LABEL="CHENNAI" LEVEL="" EVENT="" ORDER="" FORMAT="" TYPE="N" COST="" USE="Y"/>
<Obs _TYPE_="DECISION" VARIABLE="DECISION5" LABEL="BANGLORE" LEVEL="" EVENT="" ORDER="" FORMAT="" TYPE="N" COST="" USE="Y"/>
</Data>
<Metadata>
<Variable NAME="_TYPE_" LABEL="Type" LENGTH="32" FORMAT="" TYPE="C"/>
<Variable NAME="VARIABLE" LABEL="Variable" LENGTH="32" FORMAT="" TYPE="C"/>
<Variable NAME="LABEL" LABEL="Label" LENGTH="256" FORMAT="" TYPE="C"/>
<Variable NAME="LEVEL" LABEL="Measurement Level" LENGTH="32" FORMAT="" TYPE="C"/>
<Variable NAME="EVENT" LABEL="Target Event" LENGTH="32" FORMAT="" TYPE="C"/>
<Variable NAME="ORDER" LABEL="Order" LENGTH="10" FORMAT="" TYPE="C"/>
<Variable NAME="FORMAT" LABEL="Format" LENGTH="32" FORMAT="" TYPE="C"/>
<Variable NAME="TYPE" LABEL="Type" LENGTH="1" FORMAT="" TYPE="C"/>
<Variable NAME="COST" LABEL="Cost" LENGTH="32" FORMAT="" TYPE="C"/>
<Variable NAME="USE" LABEL="Use" LENGTH="1" FORMAT="" TYPE="C"/>
</Metadata>
</DecMeta>
</Source>
</EmTargetAttributes>
<EmFileProperties>
<EMNOTES Type="EXTERNAL" Extension="txt">
<Data/>
</EMNOTES>
</EmFileProperties>
</PROPERTIES>
</NODE>
</NODES>
<CONNECTIONS>
<CONNECTION FROM="FIMPORT" TO="EMSave"/>
<CONNECTION FROM="Ids2" TO="Assoc"/>
<CONNECTION FROM="Ids" TO="Assoc2"/>
</CONNECTIONS>
<NOTES>
<DATA><![CDATA[

]]>
</DATA>
</NOTES>
</Workspace>
</_ROOT_>
